{"J0030+0451": {"name": "J0030+0451", "ra": 0.13289427798536949, "dec": 0.08484099599151247, "sigma_TOA": 3.45, "D_corr": 0.323, "sigma_D": [0.006, -0.006], "wrms": 2.85, "wrms_whitened": 2.3}, "J0613-0200": {"name": "J0613-0200", "ra": 1.6307175297615029, "dec": -0.03513554028852667, "sigma_TOA": 1.43, "D_corr": 0.99, "sigma_D": [0.05, -0.05], "wrms": 2.47, "wrms_whitened": 1.06}, "J0751+1807": {"name": "J0751+1807", "ra": 2.0557909885364616, "dec": 0.3163820672433238, "sigma_TOA": 2.22, "D_corr": 1.17, "sigma_D": [0.06, -0.05], "wrms": 2.12, "wrms_whitened": 1.06}, "J1012+5307": {"name": "J1012+5307", "ra": 2.672785401861355, "dec": 0.9270718728473917, "sigma_TOA": 1.76, "D_corr": 1.07, "sigma_D": [0.1, -0.08], "wrms": 1.28, "wrms_whitened": 1.02}, "J1022+1001": {"name": "J1022+1001", "ra": 2.718204458633343, "dec": 0.1750792132553072, "sigma_TOA": 2.19, "D_corr": 0.85, "sigma_D": [0.06, -0.05], "wrms": 1.78, "wrms_whitened": 1.56}, "J1024-0719": {"name": "J1024-0719", "ra": 2.725526187131179, "dec": -0.12779414117996712, "sigma_TOA": 2.38, "D_corr": 0.98, "sigma_D": [0.04, -0.04], "wrms": 1.1, "wrms_whitened": 1.02}, "J1455-3330": {"name": "J1455-3330", "ra": 3.908662668871313, "dec": -0.58491015745784, "sigma_TOA": 7.23, "D_corr": 0.76, "sigma_D": [0.06, -0.05], "wrms": 2.52, "wrms_whitened": 2.46}, "J1600-3053": {"name": "J1600-3053", "ra": 4.192564722112761, "dec": -0.5392552300791053, "sigma_TOA": 0.48, "D_corr": 1.39, "sigma_D": [0.04, -0.04], "wrms": 2.68, "wrms_whitened": 0.37}, "J1640+2224": {"name": "J1640+2224", "ra": 4.364540849841043, "dec": 0.39099661574542266, "sigma_TOA": 3.57, "D_corr": 1.08, "sigma_D": [0.28, -0.19], "wrms": 1.13, "wrms_whitened": 1.1}, "J1713+0747": {"name": "J1713+0747", "ra": 4.510914948626133, "dec": 0.13602656260413293, "sigma_TOA": 0.32, "D_corr": 1.136, "sigma_D": [0.013, -0.013], "wrms": 0.43, "wrms_whitened": 0.2}, "J1730-2304": {"name": "J1730-2304", "ra": 4.583065243168732, "dec": -0.40274032449570835, "sigma_TOA": 1.57, "D_corr": 0.48, "sigma_D": [0.01, -0.01], "wrms": 1.0, "wrms_whitened": 0.83}, "J1744-1134": {"name": "J1744-1134", "ra": 4.644714387486482, "dec": -0.20214158192382828, "sigma_TOA": 0.9, "D_corr": 0.388, "sigma_D": [0.005, -0.004], "wrms": 1.01, "wrms_whitened": 0.56}, "J1751-2857": {"name": "J1751-2857", "ra": 4.675496590265146, "dec": -0.5054983489286737, "sigma_TOA": 3.17, "D_corr": 0.79, "sigma_D": [0.43, -0.21], "wrms": 3.73, "wrms_whitened": 2.34}, "J1801-1417": {"name": "J1801-1417", "ra": 4.72046646306491, "dec": -0.24945858644620011, "sigma_TOA": 4.09, "D_corr": 1.0, "sigma_D": [0.46, -0.25], "wrms": 3.94, "wrms_whitened": 2.46}, "J1804-2717": {"name": "J1804-2717", "ra": 4.73137911312361, "dec": -0.4763359236490356, "sigma_TOA": 5.94, "D_corr": 0.8, "sigma_D": [0.3, -0.2], "wrms": 1.8, "wrms_whitened": 1.63}, "J1857+0943": {"name": "J1857+0943", "ra": 4.96374479935989, "dec": 0.1696712481240006, "sigma_TOA": 1.7, "D_corr": 1.11, "sigma_D": [0.08, -0.07], "wrms": 1.38, "wrms_whitened": 1.05}, "J1909-3744": {"name": "J1909-3744", "ra": 5.016907743523828, "dec": -0.6586412789550348, "sigma_TOA": 0.29, "D_corr": 1.06, "sigma_D": [0.02, -0.02], "wrms": 0.73, "wrms_whitened": 0.14}, "J1911+1347": {"name": "J1911+1347", "ra": 5.026199521250582, "dec": 0.2407312460784812, "sigma_TOA": 1.22, "D_corr": 2.2, "sigma_D": [0.6, -0.4], "wrms": 1.06, "wrms_whitened": 0.75}, "J1918-0642": {"name": "J1918-0642", "ra": 5.056221251800107, "dec": -0.1171062089528908, "sigma_TOA": 2.04, "D_corr": 1.3, "sigma_D": [0.1, -0.1], "wrms": 1.78, "wrms_whitened": 1.31}, "J2124-3358": {"name": "J2124-3358", "ra": 5.605695603082442, "dec": -0.5930479456270403, "sigma_TOA": 3.7, "D_corr": 0.47, "sigma_D": [0.02, -0.02], "wrms": 2.24, "wrms_whitened": 2.17}}